{
    "user_profile": {
        "age": 60.16972689501947,
        "sex": 0.0,
        "cp": 2.0,
        "trestbps": 145.5406255915613,
        "chol": 252.65863099461097,
        "fbs": 1.0,
        "restecg": 2.0,
        "thalach": 168.51810763885672,
        "exang": 0.0,
        "oldpeak": 1.5804247527798538,
        "slope": 2.0,
        "ca": 0.0,
        "thal": 1.0
    },
    "RandomForest_RiskScore": "61.00%",
    "LogisticRegression_RiskScore": "100.00%",
    "Predicted_Risk": "High Risk",
    "Contributing_Risk_Factors": [
        "chol high (252.7)",
        "trestbps high (145.5)"
    ]
}